,Playoff Year,Playoff Series,Result,Team,Year,American League Pennant,National League Pennant,Postseason,Games Played,Wins,World Series Champions,April Win Pct
0,2021,World Series,Won,Atlanta Braves,2021,0.0,1.0,1.0,26,12.0,1.0,0.46153846153846156
1,2021,ALCS,Won,Houston Astros,2021,1.0,0.0,1.0,26,14.0,0.0,0.5384615384615384
2,2021,NLCS,Won,Atlanta Braves,2021,0.0,1.0,1.0,26,12.0,1.0,0.46153846153846156
3,2021,ALDS1,Won,Houston Astros,2021,1.0,0.0,1.0,26,14.0,0.0,0.5384615384615384
4,2021,ALDS2,Won,Boston Red Sox,2021,0.0,0.0,1.0,27,17.0,0.0,0.6296296296296297
5,2021,NLDS1,Won,Atlanta Braves,2021,0.0,1.0,1.0,26,12.0,1.0,0.46153846153846156
6,2021,NLDS2,Won,Los Angeles Dodgers,2021,0.0,0.0,1.0,27,16.0,0.0,0.5925925925925926
7,2021,ALWC,Won,Boston Red Sox,2021,0.0,0.0,1.0,27,17.0,0.0,0.6296296296296297
8,2021,NLWC,Won,Los Angeles Dodgers,2021,0.0,0.0,1.0,27,16.0,0.0,0.5925925925925926
9,2019,World Series,Won,Washington Nationals,2019,0.0,1.0,1.0,25,11.0,1.0,0.44
10,2019,ALCS,Won,Houston Astros,2019,1.0,0.0,1.0,26,17.0,0.0,0.6538461538461539
11,2019,NLCS,Won,Washington Nationals,2019,0.0,1.0,1.0,25,11.0,1.0,0.44
12,2019,ALDS1,Won,Houston Astros,2019,1.0,0.0,1.0,26,17.0,0.0,0.6538461538461539
13,2019,ALDS2,Won,New York Yankees,2019,0.0,0.0,1.0,26,16.0,0.0,0.6153846153846154
14,2019,NLDS1,Won,Washington Nationals,2019,0.0,1.0,1.0,25,11.0,1.0,0.44
15,2019,NLDS2,Won,St. Louis Cardinals,2019,0.0,0.0,1.0,25,18.0,0.0,0.72
16,2019,ALWC,Won,Tampa Bay Rays,2019,0.0,0.0,1.0,24,16.0,0.0,0.6666666666666666
17,2019,NLWC,Won,Washington Nationals,2019,0.0,1.0,1.0,25,11.0,1.0,0.44
18,2018,World Series,Won,Boston Red Sox,2018,1.0,0.0,1.0,25,19.0,1.0,0.76
19,2018,ALCS,Won,Boston Red Sox,2018,1.0,0.0,1.0,25,19.0,1.0,0.76
20,2018,NLCS,Won,Los Angeles Dodgers,2018,0.0,1.0,1.0,25,11.0,0.0,0.44
21,2018,ALDS1,Won,Boston Red Sox,2018,1.0,0.0,1.0,25,19.0,1.0,0.76
22,2018,ALDS2,Won,Houston Astros,2018,0.0,0.0,1.0,27,18.0,0.0,0.6666666666666666
23,2018,NLDS1,Won,Milwaukee Brewers,2018,0.0,0.0,1.0,27,14.0,0.0,0.5185185185185185
24,2018,NLDS2,Won,Los Angeles Dodgers,2018,0.0,1.0,1.0,25,11.0,0.0,0.44
25,2018,ALWC,Won,New York Yankees,2018,0.0,0.0,1.0,25,16.0,0.0,0.64
26,2018,NLWC,Won,Colorado Rockies,2018,0.0,0.0,1.0,27,14.0,0.0,0.5185185185185185
27,2017,World Series,Won,Houston Astros,2017,1.0,0.0,1.0,25,16.0,1.0,0.64
28,2017,ALCS,Won,Houston Astros,2017,1.0,0.0,1.0,25,16.0,1.0,0.64
29,2017,NLCS,Won,Los Angeles Dodgers,2017,0.0,1.0,1.0,26,14.0,0.0,0.5384615384615384
30,2017,ALDS1,Won,New York Yankees,2017,0.0,0.0,1.0,23,15.0,0.0,0.6521739130434783
31,2017,ALDS2,Won,Houston Astros,2017,1.0,0.0,1.0,25,16.0,1.0,0.64
32,2017,NLDS1,Won,Los Angeles Dodgers,2017,0.0,1.0,1.0,26,14.0,0.0,0.5384615384615384
33,2017,NLDS2,Won,Chicago Cubs,2017,0.0,0.0,1.0,24,13.0,0.0,0.5416666666666666
34,2017,ALWC,Won,New York Yankees,2017,0.0,0.0,1.0,23,15.0,0.0,0.6521739130434783
35,2017,NLWC,Won,Arizona Diamondbacks,2017,0.0,0.0,1.0,27,16.0,0.0,0.5925925925925926
36,2016,World Series,Won,Chicago Cubs,2016,0.0,1.0,1.0,22,17.0,1.0,0.7727272727272727
37,2016,ALCS,Won,Cleveland Indians,2016,1.0,0.0,1.0,21,10.0,0.0,0.47619047619047616
38,2016,NLCS,Won,Chicago Cubs,2016,0.0,1.0,1.0,22,17.0,1.0,0.7727272727272727
39,2016,ALDS1,Won,Toronto Blue Jays,2016,0.0,0.0,1.0,25,11.0,0.0,0.44
40,2016,ALDS2,Won,Cleveland Indians,2016,1.0,0.0,1.0,21,10.0,0.0,0.47619047619047616
41,2016,NLDS1,Won,Chicago Cubs,2016,0.0,1.0,1.0,22,17.0,1.0,0.7727272727272727
42,2016,NLDS2,Won,Los Angeles Dodgers,2016,0.0,0.0,1.0,25,12.0,0.0,0.48
43,2016,ALWC,Won,Toronto Blue Jays,2016,0.0,0.0,1.0,25,11.0,0.0,0.44
44,2016,NLWC,Won,San Francisco Giants,2016,0.0,0.0,1.0,25,12.0,0.0,0.48
45,2015,World Series,Won,Kansas City Royals,2015,1.0,0.0,1.0,22,15.0,1.0,0.6818181818181818
46,2015,ALCS,Won,Kansas City Royals,2015,1.0,0.0,1.0,22,15.0,1.0,0.6818181818181818
47,2015,NLCS,Won,New York Mets,2015,0.0,1.0,1.0,23,15.0,0.0,0.6521739130434783
48,2015,ALDS1,Won,Kansas City Royals,2015,1.0,0.0,1.0,22,15.0,1.0,0.6818181818181818
49,2015,ALDS2,Won,Toronto Blue Jays,2015,0.0,0.0,1.0,23,11.0,0.0,0.4782608695652174
50,2015,NLDS1,Won,Chicago Cubs,2015,0.0,0.0,1.0,20,12.0,0.0,0.6
51,2015,NLDS2,Won,New York Mets,2015,0.0,1.0,1.0,23,15.0,0.0,0.6521739130434783
52,2015,ALWC,Won,Houston Astros,2015,0.0,0.0,1.0,22,15.0,0.0,0.6818181818181818
53,2015,NLWC,Won,Chicago Cubs,2015,0.0,0.0,1.0,20,12.0,0.0,0.6
54,2014,World Series,Won,San Francisco Giants,2014,0.0,1.0,1.0,27,16.0,1.0,0.5925925925925926
55,2014,ALCS,Won,Kansas City Royals,2014,1.0,0.0,1.0,25,14.0,0.0,0.56
56,2014,NLCS,Won,San Francisco Giants,2014,0.0,1.0,1.0,27,16.0,1.0,0.5925925925925926
57,2014,ALDS1,Won,Kansas City Royals,2014,1.0,0.0,1.0,25,14.0,0.0,0.56
58,2014,ALDS2,Won,Baltimore Orioles,2014,0.0,0.0,1.0,23,11.0,0.0,0.4782608695652174
59,2014,NLDS1,Won,San Francisco Giants,2014,0.0,1.0,1.0,27,16.0,1.0,0.5925925925925926
60,2014,NLDS2,Won,St. Louis Cardinals,2014,0.0,0.0,1.0,28,14.0,0.0,0.5
61,2014,ALWC,Won,Kansas City Royals,2014,1.0,0.0,1.0,25,14.0,0.0,0.56
62,2014,NLWC,Won,San Francisco Giants,2014,0.0,1.0,1.0,27,16.0,1.0,0.5925925925925926
63,2013,World Series,Won,Boston Red Sox,2013,1.0,0.0,1.0,26,18.0,1.0,0.6923076923076923
64,2013,ALCS,Won,Boston Red Sox,2013,1.0,0.0,1.0,26,18.0,1.0,0.6923076923076923
65,2013,NLCS,Won,St. Louis Cardinals,2013,0.0,1.0,1.0,26,15.0,0.0,0.5769230769230769
66,2013,ALDS1,Won,Boston Red Sox,2013,1.0,0.0,1.0,26,18.0,1.0,0.6923076923076923
67,2013,ALDS2,Won,Detroit Tigers,2013,0.0,0.0,1.0,25,15.0,0.0,0.6
68,2013,NLDS1,Won,St. Louis Cardinals,2013,0.0,1.0,1.0,26,15.0,0.0,0.5769230769230769
69,2013,NLDS2,Won,Los Angeles Dodgers,2013,0.0,0.0,1.0,26,13.0,0.0,0.5
70,2013,ALWC,Won,Tampa Bay Rays,2013,0.0,0.0,1.0,26,12.0,0.0,0.46153846153846156
71,2013,NLWC,Won,Pittsburgh Pirates,2013,0.0,0.0,1.0,27,15.0,0.0,0.5555555555555556
72,2012,World Series,Won,San Francisco Giants,2012,0.0,1.0,1.0,22,12.0,1.0,0.5454545454545454
73,2012,ALCS,Won,Detroit Tigers,2012,1.0,0.0,1.0,22,11.0,0.0,0.5
74,2012,NLCS,Won,San Francisco Giants,2012,0.0,1.0,1.0,22,12.0,1.0,0.5454545454545454
75,2012,ALDS1,Won,New York Yankees,2012,0.0,0.0,1.0,22,13.0,0.0,0.5909090909090909
76,2012,ALDS2,Won,Detroit Tigers,2012,1.0,0.0,1.0,22,11.0,0.0,0.5
77,2012,NLDS1,Won,St. Louis Cardinals,2012,0.0,0.0,1.0,22,14.0,0.0,0.6363636363636364
78,2012,NLDS2,Won,San Francisco Giants,2012,0.0,1.0,1.0,22,12.0,1.0,0.5454545454545454
79,2012,ALWC,Won,Baltimore Orioles,2012,0.0,0.0,1.0,23,14.0,0.0,0.6086956521739131
80,2012,NLWC,Won,St. Louis Cardinals,2012,0.0,0.0,1.0,22,14.0,0.0,0.6363636363636364
81,2011,World Series,Won,St. Louis Cardinals,2011,0.0,1.0,1.0,26,16.0,1.0,0.6153846153846154
82,2011,ALCS,Won,Texas Rangers,2011,1.0,0.0,1.0,27,16.0,0.0,0.5925925925925926
83,2011,NLCS,Won,St. Louis Cardinals,2011,0.0,1.0,1.0,26,16.0,1.0,0.6153846153846154
84,2011,ALDS1,Won,Detroit Tigers,2011,0.0,0.0,1.0,26,12.0,0.0,0.46153846153846156
85,2011,ALDS2,Won,Texas Rangers,2011,1.0,0.0,1.0,27,16.0,0.0,0.5925925925925926
86,2011,NLDS1,Won,St. Louis Cardinals,2011,0.0,1.0,1.0,26,16.0,1.0,0.6153846153846154
87,2011,NLDS2,Won,Milwaukee Brewers,2011,0.0,0.0,1.0,25,13.0,0.0,0.52
88,2010,World Series,Won,San Francisco Giants,2010,0.0,1.0,1.0,22,13.0,1.0,0.5909090909090909
89,2010,ALCS,Won,Texas Rangers,2010,1.0,0.0,1.0,23,11.0,0.0,0.4782608695652174
90,2010,NLCS,Won,San Francisco Giants,2010,0.0,1.0,1.0,22,13.0,1.0,0.5909090909090909
91,2010,ALDS1,Won,Texas Rangers,2010,1.0,0.0,1.0,23,11.0,0.0,0.4782608695652174
92,2010,ALDS2,Won,New York Yankees,2010,0.0,0.0,1.0,22,15.0,0.0,0.6818181818181818
93,2010,NLDS1,Won,Philadelphia Phillies,2010,0.0,0.0,1.0,22,12.0,0.0,0.5454545454545454
94,2010,NLDS2,Won,San Francisco Giants,2010,0.0,1.0,1.0,22,13.0,1.0,0.5909090909090909
95,2009,World Series,Won,New York Yankees,2009,1.0,0.0,1.0,22,12.0,1.0,0.5454545454545454
96,2009,ALCS,Won,New York Yankees,2009,1.0,0.0,1.0,22,12.0,1.0,0.5454545454545454
97,2009,NLCS,Won,Philadelphia Phillies,2009,0.0,1.0,1.0,20,11.0,0.0,0.55
98,2009,ALDS1,Won,New York Yankees,2009,1.0,0.0,1.0,22,12.0,1.0,0.5454545454545454
99,2009,ALDS2,Won,Los Angeles Angels of Anaheim,2009,0.0,0.0,1.0,21,9.0,0.0,0.42857142857142855
100,2009,NLDS1,Won,Los Angeles Dodgers,2009,0.0,0.0,1.0,23,15.0,0.0,0.6521739130434783
101,2009,NLDS2,Won,Philadelphia Phillies,2009,0.0,1.0,1.0,20,11.0,0.0,0.55
102,2008,World Series,Won,Philadelphia Phillies,2008,0.0,1.0,1.0,27,15.0,1.0,0.5555555555555556
103,2008,ALCS,Won,Tampa Bay Rays,2008,1.0,0.0,1.0,26,14.0,0.0,0.5384615384615384
104,2008,NLCS,Won,Philadelphia Phillies,2008,0.0,1.0,1.0,27,15.0,1.0,0.5555555555555556
105,2008,ALDS1,Won,Boston Red Sox,2008,0.0,0.0,1.0,27,16.0,0.0,0.5925925925925926
106,2008,ALDS2,Won,Tampa Bay Rays,2008,1.0,0.0,1.0,26,14.0,0.0,0.5384615384615384
107,2008,NLDS1,Won,Los Angeles Dodgers,2008,0.0,0.0,1.0,26,13.0,0.0,0.5
108,2008,NLDS2,Won,Philadelphia Phillies,2008,0.0,1.0,1.0,27,15.0,1.0,0.5555555555555556
109,2007,World Series,Won,Boston Red Sox,2007,1.0,0.0,1.0,24,16.0,1.0,0.6666666666666666
110,2007,ALCS,Won,Boston Red Sox,2007,1.0,0.0,1.0,24,16.0,1.0,0.6666666666666666
111,2007,NLCS,Won,Colorado Rockies,2007,0.0,1.0,1.0,26,10.0,0.0,0.38461538461538464
112,2007,ALDS1,Won,Boston Red Sox,2007,1.0,0.0,1.0,24,16.0,1.0,0.6666666666666666
113,2007,ALDS2,Won,Cleveland Indians,2007,0.0,0.0,1.0,22,14.0,0.0,0.6363636363636364
114,2007,NLDS1,Won,Arizona Diamondbacks,2007,0.0,0.0,1.0,27,16.0,0.0,0.5925925925925926
115,2007,NLDS2,Won,Colorado Rockies,2007,0.0,1.0,1.0,26,10.0,0.0,0.38461538461538464
116,2006,World Series,Won,St. Louis Cardinals,2006,0.0,1.0,1.0,25,17.0,1.0,0.68
117,2006,ALCS,Won,Detroit Tigers,2006,1.0,0.0,1.0,25,16.0,0.0,0.64
118,2006,NLCS,Won,St. Louis Cardinals,2006,0.0,1.0,1.0,25,17.0,1.0,0.68
119,2006,ALDS1,Won,Detroit Tigers,2006,1.0,0.0,1.0,25,16.0,0.0,0.64
120,2006,ALDS2,Won,Oakland Athletics,2006,0.0,0.0,1.0,24,12.0,0.0,0.5
121,2006,NLDS1,Won,New York Mets,2006,0.0,0.0,1.0,24,16.0,0.0,0.6666666666666666
122,2006,NLDS2,Won,St. Louis Cardinals,2006,0.0,1.0,1.0,25,17.0,1.0,0.68
123,2005,World Series,Won,Chicago White Sox,2005,1.0,0.0,1.0,24,17.0,1.0,0.7083333333333334
124,2005,ALCS,Won,Chicago White Sox,2005,1.0,0.0,1.0,24,17.0,1.0,0.7083333333333334
125,2005,NLCS,Won,Houston Astros,2005,0.0,1.0,1.0,22,9.0,0.0,0.4090909090909091
126,2005,ALDS1,Won,Chicago White Sox,2005,1.0,0.0,1.0,24,17.0,1.0,0.7083333333333334
127,2005,ALDS2,Won,Los Angeles Angels of Anaheim,2005,0.0,0.0,1.0,24,13.0,0.0,0.5416666666666666
128,2005,NLDS1,Won,St. Louis Cardinals,2005,0.0,0.0,1.0,22,15.0,0.0,0.6818181818181818
129,2005,NLDS2,Won,Houston Astros,2005,0.0,1.0,1.0,22,9.0,0.0,0.4090909090909091
130,2004,World Series,Won,Boston Red Sox,2004,1.0,0.0,1.0,21,15.0,1.0,0.7142857142857143
131,2004,ALCS,Won,Boston Red Sox,2004,1.0,0.0,1.0,21,15.0,1.0,0.7142857142857143
132,2004,NLCS,Won,St. Louis Cardinals,2004,0.0,1.0,1.0,23,12.0,0.0,0.5217391304347826
133,2004,ALDS1,Won,Boston Red Sox,2004,1.0,0.0,1.0,21,15.0,1.0,0.7142857142857143
134,2004,ALDS2,Won,New York Yankees,2004,0.0,0.0,1.0,21,11.0,0.0,0.5238095238095238
135,2004,NLDS1,Won,St. Louis Cardinals,2004,0.0,1.0,1.0,23,12.0,0.0,0.5217391304347826
136,2004,NLDS2,Won,Houston Astros,2004,0.0,0.0,1.0,22,13.0,0.0,0.5909090909090909
137,2003,World Series,Won,Florida Marlins,2003,0.0,1.0,1.0,28,14.0,1.0,0.5
138,2003,ALCS,Won,New York Yankees,2003,1.0,0.0,1.0,26,20.0,0.0,0.7692307692307693
139,2003,NLCS,Won,Florida Marlins,2003,0.0,1.0,1.0,28,14.0,1.0,0.5
140,2003,ALDS1,Won,New York Yankees,2003,1.0,0.0,1.0,26,20.0,0.0,0.7692307692307693
141,2003,ALDS2,Won,Boston Red Sox,2003,0.0,0.0,1.0,26,18.0,0.0,0.6923076923076923
142,2003,NLDS1,Won,Florida Marlins,2003,0.0,1.0,1.0,28,14.0,1.0,0.5
143,2003,NLDS2,Won,Chicago Cubs,2003,0.0,0.0,1.0,26,14.0,0.0,0.5384615384615384
144,2002,World Series,Won,Anaheim Angels,2002,1.0,0.0,1.0,24,11.0,1.0,0.4583333333333333
145,2002,ALCS,Won,Anaheim Angels,2002,1.0,0.0,1.0,24,11.0,1.0,0.4583333333333333
146,2002,NLCS,Won,San Francisco Giants,2002,0.0,1.0,1.0,26,15.0,0.0,0.5769230769230769
147,2002,ALDS1,Won,Anaheim Angels,2002,1.0,0.0,1.0,24,11.0,1.0,0.4583333333333333
148,2002,ALDS2,Won,Minnesota Twins,2002,0.0,0.0,1.0,27,16.0,0.0,0.5925925925925926
149,2002,NLDS1,Won,San Francisco Giants,2002,0.0,1.0,1.0,26,15.0,0.0,0.5769230769230769
150,2002,NLDS2,Won,St. Louis Cardinals,2002,0.0,0.0,1.0,26,12.0,0.0,0.46153846153846156
151,2001,World Series,Won,Arizona Diamondbacks,2001,0.0,1.0,1.0,25,13.0,1.0,0.52
152,2001,ALCS,Won,New York Yankees,2001,1.0,0.0,1.0,26,14.0,0.0,0.5384615384615384
153,2001,NLCS,Won,Arizona Diamondbacks,2001,0.0,1.0,1.0,25,13.0,1.0,0.52
154,2001,ALDS1,Won,Seattle Mariners,2001,0.0,0.0,1.0,25,20.0,0.0,0.8
155,2001,ALDS2,Won,New York Yankees,2001,1.0,0.0,1.0,26,14.0,0.0,0.5384615384615384
156,2001,NLDS1,Won,Atlanta Braves,2001,0.0,0.0,1.0,26,12.0,0.0,0.46153846153846156
157,2001,NLDS2,Won,Arizona Diamondbacks,2001,0.0,1.0,1.0,25,13.0,1.0,0.52
158,2000,World Series,Won,New York Yankees,2000,1.0,0.0,1.0,23,15.0,1.0,0.6521739130434783
159,2000,ALCS,Won,New York Yankees,2000,1.0,0.0,1.0,23,15.0,1.0,0.6521739130434783
160,2000,NLCS,Won,New York Mets,2000,0.0,1.0,1.0,24,15.0,0.0,0.625
161,2000,ALDS1,Won,New York Yankees,2000,1.0,0.0,1.0,23,15.0,1.0,0.6521739130434783
162,2000,ALDS2,Won,Seattle Mariners,2000,0.0,0.0,1.0,23,13.0,0.0,0.5652173913043478
163,2000,NLDS1,Won,St. Louis Cardinals,2000,0.0,0.0,1.0,25,17.0,0.0,0.68
164,2000,NLDS2,Won,New York Mets,2000,0.0,1.0,1.0,24,15.0,0.0,0.625
165,1999,World Series,Won,New York Yankees,1999,1.0,0.0,1.0,21,14.0,1.0,0.6666666666666666
166,1999,ALCS,Won,New York Yankees,1999,1.0,0.0,1.0,21,14.0,1.0,0.6666666666666666
167,1999,NLCS,Won,Atlanta Braves,1999,0.0,1.0,1.0,22,15.0,0.0,0.6818181818181818
168,1999,ALDS1,Won,Boston Red Sox,1999,0.0,0.0,1.0,22,11.0,0.0,0.5
169,1999,ALDS2,Won,New York Yankees,1999,1.0,0.0,1.0,21,14.0,1.0,0.6666666666666666
170,1999,NLDS1,Won,Atlanta Braves,1999,0.0,1.0,1.0,22,15.0,0.0,0.6818181818181818
171,1999,NLDS2,Won,New York Mets,1999,0.0,0.0,1.0,23,14.0,0.0,0.6086956521739131
172,1998,World Series,Won,New York Yankees,1998,1.0,0.0,1.0,23,17.0,1.0,0.7391304347826086
173,1998,ALCS,Won,New York Yankees,1998,1.0,0.0,1.0,23,17.0,1.0,0.7391304347826086
174,1998,NLCS,Won,San Diego Padres,1998,0.0,1.0,1.0,25,18.0,0.0,0.72
175,1998,ALDS1,Won,Cleveland Indians,1998,0.0,0.0,1.0,25,13.0,0.0,0.52
176,1998,ALDS2,Won,New York Yankees,1998,1.0,0.0,1.0,23,17.0,1.0,0.7391304347826086
177,1998,NLDS1,Won,Atlanta Braves,1998,0.0,0.0,1.0,26,17.0,0.0,0.6538461538461539
178,1998,NLDS2,Won,San Diego Padres,1998,0.0,1.0,1.0,25,18.0,0.0,0.72
179,1997,World Series,Won,Florida Marlins,1997,0.0,1.0,1.0,25,15.0,1.0,0.6
180,1997,ALCS,Won,Cleveland Indians,1997,1.0,0.0,1.0,25,12.0,0.0,0.48
181,1997,NLCS,Won,Florida Marlins,1997,0.0,1.0,1.0,25,15.0,1.0,0.6
182,1997,ALDS1,Won,Cleveland Indians,1997,1.0,0.0,1.0,25,12.0,0.0,0.48
183,1997,ALDS2,Won,Baltimore Orioles,1997,0.0,0.0,1.0,23,16.0,0.0,0.6956521739130435
184,1997,NLDS1,Won,Florida Marlins,1997,0.0,1.0,1.0,25,15.0,1.0,0.6
185,1997,NLDS2,Won,Atlanta Braves,1997,0.0,0.0,1.0,25,19.0,0.0,0.76
186,1996,World Series,Won,New York Yankees,1996,1.0,0.0,1.0,23,13.0,1.0,0.5652173913043478
187,1996,ALCS,Won,New York Yankees,1996,1.0,0.0,1.0,23,13.0,1.0,0.5652173913043478
188,1996,NLCS,Won,Atlanta Braves,1996,0.0,1.0,1.0,27,16.0,0.0,0.5925925925925926
189,1996,ALDS1,Won,Baltimore Orioles,1996,0.0,0.0,1.0,26,14.0,0.0,0.5384615384615384
190,1996,ALDS2,Won,New York Yankees,1996,1.0,0.0,1.0,23,13.0,1.0,0.5652173913043478
191,1996,NLDS1,Won,Atlanta Braves,1996,0.0,1.0,1.0,27,16.0,0.0,0.5925925925925926
192,1996,NLDS2,Won,St. Louis Cardinals,1996,0.0,0.0,1.0,27,12.0,0.0,0.4444444444444444
193,2021,World Series,Lost,Houston Astros,2021,1.0,0.0,1.0,26,14.0,0.0,0.5384615384615384
194,2021,ALCS,Lost,Boston Red Sox,2021,0.0,0.0,1.0,27,17.0,0.0,0.6296296296296297
195,2021,NLCS,Lost,Los Angeles Dodgers,2021,0.0,0.0,1.0,27,16.0,0.0,0.5925925925925926
196,2021,ALDS1,Lost,Chicago White Sox,2021,0.0,0.0,1.0,25,14.0,0.0,0.56
197,2021,ALDS2,Lost,Tampa Bay Rays,2021,0.0,0.0,1.0,27,13.0,0.0,0.48148148148148145
198,2021,NLDS1,Lost,Milwaukee Brewers,2021,0.0,0.0,1.0,26,16.0,0.0,0.6153846153846154
199,2021,NLDS2,Lost,San Francisco Giants,2021,0.0,0.0,1.0,26,16.0,0.0,0.6153846153846154
200,2021,ALWC,Lost,New York Yankees,2021,0.0,0.0,1.0,26,12.0,0.0,0.46153846153846156
201,2021,NLWC,Lost,St. Louis Cardinals,2021,0.0,0.0,1.0,26,14.0,0.0,0.5384615384615384
202,2019,World Series,Lost,Houston Astros,2019,1.0,0.0,1.0,26,17.0,0.0,0.6538461538461539
203,2019,ALCS,Lost,New York Yankees,2019,0.0,0.0,1.0,26,16.0,0.0,0.6153846153846154
204,2019,NLCS,Lost,St. Louis Cardinals,2019,0.0,0.0,1.0,25,18.0,0.0,0.72
205,2019,ALDS1,Lost,Tampa Bay Rays,2019,0.0,0.0,1.0,24,16.0,0.0,0.6666666666666666
206,2019,ALDS2,Lost,Minnesota Twins,2019,0.0,0.0,1.0,24,15.0,0.0,0.625
207,2019,NLDS1,Lost,Los Angeles Dodgers,2019,0.0,0.0,1.0,28,17.0,0.0,0.6071428571428571
208,2019,NLDS2,Lost,Atlanta Braves,2019,0.0,0.0,1.0,26,14.0,0.0,0.5384615384615384
209,2019,ALWC,Lost,Oakland Athletics,2019,0.0,0.0,1.0,26,11.0,0.0,0.4230769230769231
210,2019,NLWC,Lost,Milwaukee Brewers,2019,0.0,0.0,1.0,27,14.0,0.0,0.5185185185185185
211,2018,World Series,Lost,Los Angeles Dodgers,2018,0.0,1.0,1.0,25,11.0,0.0,0.44
212,2018,ALCS,Lost,Houston Astros,2018,0.0,0.0,1.0,27,18.0,0.0,0.6666666666666666
213,2018,NLCS,Lost,Milwaukee Brewers,2018,0.0,0.0,1.0,27,14.0,0.0,0.5185185185185185
214,2018,ALDS1,Lost,New York Yankees,2018,0.0,0.0,1.0,25,16.0,0.0,0.64
215,2018,ALDS2,Lost,Cleveland Indians,2018,0.0,0.0,1.0,25,14.0,0.0,0.56
216,2018,NLDS1,Lost,Colorado Rockies,2018,0.0,0.0,1.0,27,14.0,0.0,0.5185185185185185
217,2018,NLDS2,Lost,Atlanta Braves,2018,0.0,0.0,1.0,24,14.0,0.0,0.5833333333333334
218,2018,ALWC,Lost,Oakland Athletics,2018,0.0,0.0,1.0,25,13.0,0.0,0.52
219,2018,NLWC,Lost,Chicago Cubs,2018,0.0,0.0,1.0,23,14.0,0.0,0.6086956521739131
220,2017,World Series,Lost,Los Angeles Dodgers,2017,0.0,1.0,1.0,26,14.0,0.0,0.5384615384615384
221,2017,ALCS,Lost,New York Yankees,2017,0.0,0.0,1.0,23,15.0,0.0,0.6521739130434783
222,2017,NLCS,Lost,Chicago Cubs,2017,0.0,0.0,1.0,24,13.0,0.0,0.5416666666666666
223,2017,ALDS1,Lost,Cleveland Indians,2017,0.0,0.0,1.0,24,14.0,0.0,0.5833333333333334
224,2017,ALDS2,Lost,Boston Red Sox,2017,0.0,0.0,1.0,24,13.0,0.0,0.5416666666666666
225,2017,NLDS1,Lost,Arizona Diamondbacks,2017,0.0,0.0,1.0,27,16.0,0.0,0.5925925925925926
226,2017,NLDS2,Lost,Washington Nationals,2017,0.0,0.0,1.0,25,17.0,0.0,0.68
227,2017,ALWC,Lost,Minnesota Twins,2017,0.0,0.0,1.0,23,12.0,0.0,0.5217391304347826
228,2017,NLWC,Lost,Colorado Rockies,2017,0.0,0.0,1.0,26,16.0,0.0,0.6153846153846154
229,2016,World Series,Lost,Cleveland Indians,2016,1.0,0.0,1.0,21,10.0,0.0,0.47619047619047616
230,2016,ALCS,Lost,Toronto Blue Jays,2016,0.0,0.0,1.0,25,11.0,0.0,0.44
231,2016,NLCS,Lost,Los Angeles Dodgers,2016,0.0,0.0,1.0,25,12.0,0.0,0.48
232,2016,ALDS1,Lost,Texas Rangers,2016,0.0,0.0,1.0,24,14.0,0.0,0.5833333333333334
233,2016,ALDS2,Lost,Boston Red Sox,2016,0.0,0.0,1.0,24,14.0,0.0,0.5833333333333334
234,2016,NLDS1,Lost,San Francisco Giants,2016,0.0,0.0,1.0,25,12.0,0.0,0.48
235,2016,NLDS2,Lost,Washington Nationals,2016,0.0,0.0,1.0,23,16.0,0.0,0.6956521739130435
236,2016,ALWC,Lost,Baltimore Orioles,2016,0.0,0.0,1.0,23,14.0,0.0,0.6086956521739131
237,2016,NLWC,Lost,New York Mets,2016,0.0,0.0,1.0,22,15.0,0.0,0.6818181818181818
238,2015,World Series,Lost,New York Mets,2015,0.0,1.0,1.0,23,15.0,0.0,0.6521739130434783
239,2015,ALCS,Lost,Toronto Blue Jays,2015,0.0,0.0,1.0,23,11.0,0.0,0.4782608695652174
240,2015,NLCS,Lost,Chicago Cubs,2015,0.0,0.0,1.0,20,12.0,0.0,0.6
241,2015,ALDS1,Lost,Houston Astros,2015,0.0,0.0,1.0,22,15.0,0.0,0.6818181818181818
242,2015,ALDS2,Lost,Texas Rangers,2015,0.0,0.0,1.0,21,7.0,0.0,0.3333333333333333
243,2015,NLDS1,Lost,St. Louis Cardinals,2015,0.0,0.0,1.0,21,15.0,0.0,0.7142857142857143
244,2015,NLDS2,Lost,Los Angeles Dodgers,2015,0.0,0.0,1.0,21,13.0,0.0,0.6190476190476191
245,2015,ALWC,Lost,New York Yankees,2015,0.0,0.0,1.0,22,13.0,0.0,0.5909090909090909
246,2015,NLWC,Lost,Pittsburgh Pirates,2015,0.0,0.0,1.0,22,12.0,0.0,0.5454545454545454
247,2014,World Series,Lost,Kansas City Royals,2014,1.0,0.0,1.0,25,14.0,0.0,0.56
248,2014,ALCS,Lost,Baltimore Orioles,2014,0.0,0.0,1.0,23,11.0,0.0,0.4782608695652174
249,2014,NLCS,Lost,St. Louis Cardinals,2014,0.0,0.0,1.0,28,14.0,0.0,0.5
250,2014,ALDS1,Lost,Los Angeles Angels of Anaheim,2014,0.0,0.0,1.0,26,14.0,0.0,0.5384615384615384
251,2014,ALDS2,Lost,Detroit Tigers,2014,0.0,0.0,1.0,22,13.0,0.0,0.5909090909090909
252,2014,NLDS1,Lost,Washington Nationals,2014,0.0,0.0,1.0,27,15.0,0.0,0.5555555555555556
253,2014,NLDS2,Lost,Los Angeles Dodgers,2014,0.0,0.0,1.0,24,13.0,0.0,0.5416666666666666
254,2014,ALWC,Lost,Oakland Athletics,2014,0.0,0.0,1.0,27,18.0,0.0,0.6666666666666666
255,2014,NLWC,Lost,Pittsburgh Pirates,2014,0.0,0.0,1.0,25,9.0,0.0,0.36
256,2013,World Series,Lost,St. Louis Cardinals,2013,0.0,1.0,1.0,26,15.0,0.0,0.5769230769230769
257,2013,ALCS,Lost,Detroit Tigers,2013,0.0,0.0,1.0,25,15.0,0.0,0.6
258,2013,NLCS,Lost,Los Angeles Dodgers,2013,0.0,0.0,1.0,26,13.0,0.0,0.5
259,2013,ALDS1,Lost,Tampa Bay Rays,2013,0.0,0.0,1.0,26,12.0,0.0,0.46153846153846156
260,2013,ALDS2,Lost,Oakland Athletics,2013,0.0,0.0,1.0,28,16.0,0.0,0.5714285714285714
261,2013,NLDS1,Lost,Pittsburgh Pirates,2013,0.0,0.0,1.0,27,15.0,0.0,0.5555555555555556
262,2013,NLDS2,Lost,Atlanta Braves,2013,0.0,0.0,1.0,26,17.0,0.0,0.6538461538461539
263,2013,ALWC,Lost,Cleveland Indians,2013,0.0,0.0,1.0,24,11.0,0.0,0.4583333333333333
264,2013,NLWC,Lost,Cincinnati Reds,2013,0.0,0.0,1.0,28,15.0,0.0,0.5357142857142857
265,2012,World Series,Lost,Detroit Tigers,2012,1.0,0.0,1.0,22,11.0,0.0,0.5
266,2012,ALCS,Lost,New York Yankees,2012,0.0,0.0,1.0,22,13.0,0.0,0.5909090909090909
267,2012,NLCS,Lost,St. Louis Cardinals,2012,0.0,0.0,1.0,22,14.0,0.0,0.6363636363636364
268,2012,ALDS1,Lost,Baltimore Orioles,2012,0.0,0.0,1.0,23,14.0,0.0,0.6086956521739131
269,2012,ALDS2,Lost,Oakland Athletics,2012,0.0,0.0,1.0,22,10.0,0.0,0.45454545454545453
270,2012,NLDS1,Lost,Washington Nationals,2012,0.0,0.0,1.0,22,14.0,0.0,0.6363636363636364
271,2012,NLDS2,Lost,Cincinnati Reds,2012,0.0,0.0,1.0,22,11.0,0.0,0.5
272,2012,ALWC,Lost,Texas Rangers,2012,0.0,0.0,1.0,23,17.0,0.0,0.7391304347826086
273,2012,NLWC,Lost,Atlanta Braves,2012,0.0,0.0,1.0,23,14.0,0.0,0.6086956521739131
274,2011,World Series,Lost,Texas Rangers,2011,1.0,0.0,1.0,27,16.0,0.0,0.5925925925925926
275,2011,ALCS,Lost,Detroit Tigers,2011,0.0,0.0,1.0,26,12.0,0.0,0.46153846153846156
276,2011,NLCS,Lost,Milwaukee Brewers,2011,0.0,0.0,1.0,25,13.0,0.0,0.52
277,2011,ALDS1,Lost,New York Yankees,2011,0.0,0.0,1.0,23,14.0,0.0,0.6086956521739131
278,2011,ALDS2,Lost,Tampa Bay Rays,2011,0.0,0.0,1.0,27,15.0,0.0,0.5555555555555556
279,2011,NLDS1,Lost,Philadelphia Phillies,2011,0.0,0.0,1.0,26,18.0,0.0,0.6923076923076923
280,2011,NLDS2,Lost,Arizona Diamondbacks,2011,0.0,0.0,1.0,26,11.0,0.0,0.4230769230769231
281,2010,World Series,Lost,Texas Rangers,2010,1.0,0.0,1.0,23,11.0,0.0,0.4782608695652174
282,2010,ALCS,Lost,New York Yankees,2010,0.0,0.0,1.0,22,15.0,0.0,0.6818181818181818
283,2010,NLCS,Lost,Philadelphia Phillies,2010,0.0,0.0,1.0,22,12.0,0.0,0.5454545454545454
284,2010,ALDS1,Lost,Tampa Bay Rays,2010,0.0,0.0,1.0,23,17.0,0.0,0.7391304347826086
285,2010,ALDS2,Lost,Minnesota Twins,2010,0.0,0.0,1.0,23,15.0,0.0,0.6521739130434783
286,2010,NLDS1,Lost,Cincinnati Reds,2010,0.0,0.0,1.0,23,12.0,0.0,0.5217391304347826
287,2010,NLDS2,Lost,Atlanta Braves,2010,0.0,0.0,1.0,23,9.0,0.0,0.391304347826087
288,2009,World Series,Lost,Philadelphia Phillies,2009,0.0,1.0,1.0,20,11.0,0.0,0.55
289,2009,ALCS,Lost,Los Angeles Angels of Anaheim,2009,0.0,0.0,1.0,21,9.0,0.0,0.42857142857142855
290,2009,NLCS,Lost,Los Angeles Dodgers,2009,0.0,0.0,1.0,23,15.0,0.0,0.6521739130434783
291,2009,ALDS1,Lost,Minnesota Twins,2009,0.0,0.0,1.0,22,11.0,0.0,0.5
292,2009,ALDS2,Lost,Boston Red Sox,2009,0.0,0.0,1.0,22,14.0,0.0,0.6363636363636364
293,2009,NLDS1,Lost,St. Louis Cardinals,2009,0.0,0.0,1.0,23,16.0,0.0,0.6956521739130435
294,2009,NLDS2,Lost,Colorado Rockies,2009,0.0,0.0,1.0,20,8.0,0.0,0.4
295,2008,World Series,Lost,Tampa Bay Rays,2008,1.0,0.0,1.0,26,14.0,0.0,0.5384615384615384
296,2008,ALCS,Lost,Boston Red Sox,2008,0.0,0.0,1.0,27,16.0,0.0,0.5925925925925926
297,2008,NLCS,Lost,Los Angeles Dodgers,2008,0.0,0.0,1.0,26,13.0,0.0,0.5
298,2008,ALDS1,Lost,Los Angeles Angels of Anaheim,2008,0.0,0.0,1.0,28,18.0,0.0,0.6428571428571429
299,2008,ALDS2,Lost,Chicago White Sox,2008,0.0,0.0,1.0,26,14.0,0.0,0.5384615384615384
300,2008,NLDS1,Lost,Chicago Cubs,2008,0.0,0.0,1.0,26,17.0,0.0,0.6538461538461539
301,2008,NLDS2,Lost,Milwaukee Brewers,2008,0.0,0.0,1.0,26,14.0,0.0,0.5384615384615384
302,2007,World Series,Lost,Colorado Rockies,2007,0.0,1.0,1.0,26,10.0,0.0,0.38461538461538464
303,2007,ALCS,Lost,Cleveland Indians,2007,0.0,0.0,1.0,22,14.0,0.0,0.6363636363636364
304,2007,NLCS,Lost,Arizona Diamondbacks,2007,0.0,0.0,1.0,27,16.0,0.0,0.5925925925925926
305,2007,ALDS1,Lost,Los Angeles Angels of Anaheim,2007,0.0,0.0,1.0,26,15.0,0.0,0.5769230769230769
306,2007,ALDS2,Lost,New York Yankees,2007,0.0,0.0,1.0,23,9.0,0.0,0.391304347826087
307,2007,NLDS1,Lost,Chicago Cubs,2007,0.0,0.0,1.0,24,10.0,0.0,0.4166666666666667
308,2007,NLDS2,Lost,Philadelphia Phillies,2007,0.0,0.0,1.0,25,11.0,0.0,0.44
309,2006,World Series,Lost,Detroit Tigers,2006,1.0,0.0,1.0,25,16.0,0.0,0.64
310,2006,ALCS,Lost,Oakland Athletics,2006,0.0,0.0,1.0,24,12.0,0.0,0.5
311,2006,NLCS,Lost,New York Mets,2006,0.0,0.0,1.0,24,16.0,0.0,0.6666666666666666
312,2006,ALDS1,Lost,New York Yankees,2006,0.0,0.0,1.0,23,13.0,0.0,0.5652173913043478
313,2006,ALDS2,Lost,Minnesota Twins,2006,0.0,0.0,1.0,24,9.0,0.0,0.375
314,2006,NLDS1,Lost,Los Angeles Dodgers,2006,0.0,0.0,1.0,25,12.0,0.0,0.48
315,2006,NLDS2,Lost,San Diego Padres,2006,0.0,0.0,1.0,24,9.0,0.0,0.375
316,2005,World Series,Lost,Houston Astros,2005,0.0,1.0,1.0,22,9.0,0.0,0.4090909090909091
317,2005,ALCS,Lost,Los Angeles Angels of Anaheim,2005,0.0,0.0,1.0,24,13.0,0.0,0.5416666666666666
318,2005,NLCS,Lost,St. Louis Cardinals,2005,0.0,0.0,1.0,22,15.0,0.0,0.6818181818181818
319,2005,ALDS1,Lost,Boston Red Sox,2005,0.0,0.0,1.0,23,12.0,0.0,0.5217391304347826
320,2005,ALDS2,Lost,New York Yankees,2005,0.0,0.0,1.0,24,10.0,0.0,0.4166666666666667
321,2005,NLDS1,Lost,San Diego Padres,2005,0.0,0.0,1.0,24,11.0,0.0,0.4583333333333333
322,2005,NLDS2,Lost,Atlanta Braves,2005,0.0,0.0,1.0,24,14.0,0.0,0.5833333333333334
323,2004,World Series,Lost,St. Louis Cardinals,2004,0.0,1.0,1.0,23,12.0,0.0,0.5217391304347826
324,2004,ALCS,Lost,New York Yankees,2004,0.0,0.0,1.0,21,11.0,0.0,0.5238095238095238
325,2004,NLCS,Lost,Houston Astros,2004,0.0,0.0,1.0,22,13.0,0.0,0.5909090909090909
326,2004,ALDS1,Lost,Anaheim Angels,2004,0.0,0.0,1.0,23,13.0,0.0,0.5652173913043478
327,2004,ALDS2,Lost,Minnesota Twins,2004,0.0,0.0,1.0,22,15.0,0.0,0.6818181818181818
328,2004,NLDS1,Lost,Los Angeles Dodgers,2004,0.0,0.0,1.0,22,14.0,0.0,0.6363636363636364
329,2004,NLDS2,Lost,Atlanta Braves,2004,0.0,0.0,1.0,21,11.0,0.0,0.5238095238095238
330,2003,World Series,Lost,New York Yankees,2003,1.0,0.0,1.0,26,20.0,0.0,0.7692307692307693
331,2003,ALCS,Lost,Boston Red Sox,2003,0.0,0.0,1.0,26,18.0,0.0,0.6923076923076923
332,2003,NLCS,Lost,Chicago Cubs,2003,0.0,0.0,1.0,26,14.0,0.0,0.5384615384615384
333,2003,ALDS1,Lost,Minnesota Twins,2003,0.0,0.0,1.0,25,11.0,0.0,0.44
334,2003,ALDS2,Lost,Oakland Athletics,2003,0.0,0.0,1.0,27,17.0,0.0,0.6296296296296297
335,2003,NLDS1,Lost,San Francisco Giants,2003,0.0,0.0,1.0,25,18.0,0.0,0.72
336,2003,NLDS2,Lost,Atlanta Braves,2003,0.0,0.0,1.0,26,17.0,0.0,0.6538461538461539
337,2002,World Series,Lost,San Francisco Giants,2002,0.0,1.0,1.0,26,15.0,0.0,0.5769230769230769
338,2002,ALCS,Lost,Minnesota Twins,2002,0.0,0.0,1.0,27,16.0,0.0,0.5925925925925926
339,2002,NLCS,Lost,St. Louis Cardinals,2002,0.0,0.0,1.0,26,12.0,0.0,0.46153846153846156
340,2002,ALDS1,Lost,New York Yankees,2002,0.0,0.0,1.0,27,17.0,0.0,0.6296296296296297
341,2002,ALDS2,Lost,Oakland Athletics,2002,0.0,0.0,1.0,26,15.0,0.0,0.5769230769230769
342,2002,NLDS1,Lost,Atlanta Braves,2002,0.0,0.0,1.0,27,12.0,0.0,0.4444444444444444
343,2002,NLDS2,Lost,Arizona Diamondbacks,2002,0.0,0.0,1.0,26,16.0,0.0,0.6153846153846154
344,2001,World Series,Lost,New York Yankees,2001,1.0,0.0,1.0,26,14.0,0.0,0.5384615384615384
345,2001,ALCS,Lost,Seattle Mariners,2001,0.0,0.0,1.0,25,20.0,0.0,0.8
346,2001,NLCS,Lost,Atlanta Braves,2001,0.0,0.0,1.0,26,12.0,0.0,0.46153846153846156
347,2001,ALDS1,Lost,Cleveland Indians,2001,0.0,0.0,1.0,23,14.0,0.0,0.6086956521739131
348,2001,ALDS2,Lost,Oakland Athletics,2001,0.0,0.0,1.0,25,8.0,0.0,0.32
349,2001,NLDS1,Lost,Houston Astros,2001,0.0,0.0,1.0,24,12.0,0.0,0.5
350,2001,NLDS2,Lost,St. Louis Cardinals,2001,0.0,0.0,1.0,24,12.0,0.0,0.5
351,2000,World Series,Lost,New York Mets,2000,0.0,1.0,1.0,24,15.0,0.0,0.625
352,2000,ALCS,Lost,Seattle Mariners,2000,0.0,0.0,1.0,23,13.0,0.0,0.5652173913043478
353,2000,NLCS,Lost,St. Louis Cardinals,2000,0.0,0.0,1.0,25,17.0,0.0,0.68
354,2000,ALDS1,Lost,Oakland Athletics,2000,0.0,0.0,1.0,25,12.0,0.0,0.48
355,2000,ALDS2,Lost,Chicago White Sox,2000,0.0,0.0,1.0,25,17.0,0.0,0.68
356,2000,NLDS1,Lost,Atlanta Braves,2000,0.0,0.0,1.0,24,18.0,0.0,0.75
357,2000,NLDS2,Lost,San Francisco Giants,2000,0.0,0.0,1.0,23,10.0,0.0,0.43478260869565216
358,1999,World Series,Lost,Atlanta Braves,1999,0.0,1.0,1.0,22,15.0,0.0,0.6818181818181818
359,1999,ALCS,Lost,Boston Red Sox,1999,0.0,0.0,1.0,22,11.0,0.0,0.5
360,1999,NLCS,Lost,New York Mets,1999,0.0,0.0,1.0,23,14.0,0.0,0.6086956521739131
361,1999,ALDS1,Lost,Cleveland Indians,1999,0.0,0.0,1.0,22,16.0,0.0,0.7272727272727273
362,1999,ALDS2,Lost,Texas Rangers,1999,0.0,0.0,1.0,23,13.0,0.0,0.5652173913043478
363,1999,NLDS1,Lost,Houston Astros,1999,0.0,0.0,1.0,22,13.0,0.0,0.5909090909090909
364,1999,NLDS2,Lost,Arizona Diamondbacks,1999,0.0,0.0,1.0,24,13.0,0.0,0.5416666666666666
365,1998,World Series,Lost,San Diego Padres,1998,0.0,1.0,1.0,25,18.0,0.0,0.72
366,1998,ALCS,Lost,Cleveland Indians,1998,0.0,0.0,1.0,25,13.0,0.0,0.52
367,1998,NLCS,Lost,Atlanta Braves,1998,0.0,0.0,1.0,26,17.0,0.0,0.6538461538461539
368,1998,ALDS1,Lost,Boston Red Sox,1998,0.0,0.0,1.0,26,18.0,0.0,0.6923076923076923
369,1998,ALDS2,Lost,Texas Rangers,1998,0.0,0.0,1.0,25,18.0,0.0,0.72
370,1998,NLDS1,Lost,Chicago Cubs,1998,0.0,0.0,1.0,26,14.0,0.0,0.5384615384615384
371,1998,NLDS2,Lost,Houston Astros,1998,0.0,0.0,1.0,26,17.0,0.0,0.6538461538461539
372,1997,World Series,Lost,Cleveland Indians,1997,1.0,0.0,1.0,25,12.0,0.0,0.48
373,1997,ALCS,Lost,Baltimore Orioles,1997,0.0,0.0,1.0,23,16.0,0.0,0.6956521739130435
374,1997,NLCS,Lost,Atlanta Braves,1997,0.0,0.0,1.0,25,19.0,0.0,0.76
375,1997,ALDS1,Lost,New York Yankees,1997,0.0,0.0,1.0,27,14.0,0.0,0.5185185185185185
376,1997,ALDS2,Lost,Seattle Mariners,1997,0.0,0.0,1.0,27,16.0,0.0,0.5925925925925926
377,1997,NLDS1,Lost,San Francisco Giants,1997,0.0,0.0,1.0,24,17.0,0.0,0.7083333333333334
378,1997,NLDS2,Lost,Houston Astros,1997,0.0,0.0,1.0,26,15.0,0.0,0.5769230769230769
379,1996,World Series,Lost,Atlanta Braves,1996,0.0,1.0,1.0,27,16.0,0.0,0.5925925925925926
380,1996,ALCS,Lost,Baltimore Orioles,1996,0.0,0.0,1.0,26,14.0,0.0,0.5384615384615384
381,1996,NLCS,Lost,St. Louis Cardinals,1996,0.0,0.0,1.0,27,12.0,0.0,0.4444444444444444
382,1996,ALDS1,Lost,Cleveland Indians,1996,0.0,0.0,1.0,24,16.0,0.0,0.6666666666666666
383,1996,ALDS2,Lost,Texas Rangers,1996,0.0,0.0,1.0,26,16.0,0.0,0.6153846153846154
384,1996,NLDS1,Lost,Los Angeles Dodgers,1996,0.0,0.0,1.0,28,14.0,0.0,0.5
385,1996,NLDS2,Lost,San Diego Padres,1996,0.0,0.0,1.0,27,17.0,0.0,0.6296296296296297
